{
"lengthUnit": "mil",
"components": {
	"fields": ["COMPONENT_NO", "COMPONENT_NAME", "LAYER", "X_COORDINATE", "Y_COORDINATE", "ANGLE"],
	"rows": [
		[1, "J2", "T", 9356.41, -2705.19, 270],
		[2, "SW2", "B", 9790, -2665, 0],
		[3, "U9", "T", 9175, -3160, 0],
		[4, "U10", "B", 9170, -2690, 180],
		[5, "U11", "B", 9805, -2990, 180],
		[6, "U12", "T", 9185.01, -4155, 270],
		[7, "U13", "T", 9455, -4155, 90],
		[8, "U14", "T", 9828.01, -3510, 270],
		[9, "U15", "T", 9698.95, -4180, 270]
	]
},
"pins": {
	"fields": ["PIN_NO", "PIN_NAME", "PIN_X", "PIN_Y", "LAYER", "PIN_TYPE", "NET_NAME", "NET_TYPE", "PAD_SHAPE", "PAD_SIZEX", "PAD_SIZEY", "HOLE_SIZE", "PAD_ANGLE"],
	"rows": [
		[1, "J2_1", 9356.41, -2654.8, "T", "DIP", "+5V", "", "C", 59.84, 59.84, 31.89, 0],
		[2, "J2_1", 9356.41, -2654.8, "B", "DIP", "+5V", "", "C", 59.84, 59.84, 31.89, 0],
		[3, "J2_2", 9356.41, -2754.8, "T", "DIP", "GND", "GND", "C", 59.84, 59.84, 31.89, 0],
		[4, "J2_2", 9356.41, -2754.8, "B", "DIP", "GND", "GND", "C", 59.84, 59.84, 31.89, 0],
		[5, "SW2_1", 9701.42, -2731.93, "B", "SMD", "$1N3397", "", "R", 60, 23.62, 0, 270],
		[6, "SW2_2", 9819.53, -2731.93, "B", "SMD", "VBAT", "", "R", 60, 23.62, 0, 270],
		[7, "SW2_3", 9878.58, -2731.93, "B", "SMD", "SW2_3", "", "R", 60, 23.62, 0, 270],
		[8, "SW2_4", 9931.73, -2688.62, "B", "SMD", "GND", "GND", "R", 47.24, 27.56, 0, 180],
		[9, "SW2_4", 9931.73, -2598.07, "B", "SMD", "GND", "GND", "R", 47.24, 27.56, 0, 180],
		[10, "SW2_4", 9648.27, -2598.07, "B", "SMD", "GND", "GND", "R", 47.24, 27.56, 0, 180],
		[11, "SW2_4", 9648.27, -2688.62, "B", "SMD", "GND", "GND", "R", 47.24, 27.56, 0, 180],
		[12, "U9_1", 8875, -2560, "T", "DIP", "GND", "GND", "C", 59.84, 59.84, 40, 180],
		[13, "U9_1", 8875, -2560, "B", "DIP", "GND", "GND", "C", 59.84, 59.84, 40, 180],
		[14, "U9_2", 8875, -2660, "T", "DIP", "MIO", "", "C", 59.84, 59.84, 40, 0],
		[15, "U9_2", 8875, -2660, "B", "DIP", "MIO", "", "C", 59.84, 59.84, 40, 0],
		[16, "U9_3", 8875, -2760, "T", "DIP", "SCLK", "", "C", 59.84, 59.84, 40, 0],
		[17, "U9_3", 8875, -2760, "B", "DIP", "SCLK", "", "C", 59.84, 59.84, 40, 0],
		[18, "U9_4", 8875, -2860, "T", "DIP", "GND", "GND", "C", 59.84, 59.84, 40, 0],
		[19, "U9_4", 8875, -2860, "B", "DIP", "GND", "GND", "C", 59.84, 59.84, 40, 0],
		[20, "U9_5", 8875, -2960, "T", "DIP", "GND", "GND", "C", 59.84, 59.84, 40, 0],
		[21, "U9_5", 8875, -2960, "B", "DIP", "GND", "GND", "C", 59.84, 59.84, 40, 0],
		[22, "U9_6", 8875, -3060, "T", "DIP", "SDIO", "", "C", 59.84, 59.84, 40, 0],
		[23, "U9_6", 8875, -3060, "B", "DIP", "SDIO", "", "C", 59.84, 59.84, 40, 0],
		[24, "U9_7", 8875, -3160, "T", "DIP", "CS", "", "C", 59.84, 59.84, 40, 0],
		[25, "U9_7", 8875, -3160, "B", "DIP", "CS", "", "C", 59.84, 59.84, 40, 0],
		[26, "U9_8", 8875, -3260, "T", "DIP", "COL0", "", "C", 59.84, 59.84, 40, 0],
		[27, "U9_8", 8875, -3260, "B", "DIP", "COL0", "", "C", 59.84, 59.84, 40, 0],
		[28, "U9_9", 8875, -3360, "T", "DIP", "COL1", "", "C", 59.84, 59.84, 40, 0],
		[29, "U9_9", 8875, -3360, "B", "DIP", "COL1", "", "C", 59.84, 59.84, 40, 0],
		[30, "U9_10", 8875, -3460, "T", "DIP", "COL2", "", "C", 59.84, 59.84, 40, 0],
		[31, "U9_10", 8875, -3460, "B", "DIP", "COL2", "", "C", 59.84, 59.84, 40, 0],
		[32, "U9_11", 8875, -3560, "T", "DIP", "COL3", "", "C", 59.84, 59.84, 40, 0],
		[33, "U9_11", 8875, -3560, "B", "DIP", "COL3", "", "C", 59.84, 59.84, 40, 0],
		[34, "U9_12", 8875, -3660, "T", "DIP", "COL4", "", "C", 59.84, 59.84, 40, 0],
		[35, "U9_12", 8875, -3660, "B", "DIP", "COL4", "", "C", 59.84, 59.84, 40, 0],
		[36, "U9_13", 8875, -3760, "T", "DIP", "COL5", "", "C", 59.84, 59.84, 40, 0],
		[37, "U9_13", 8875, -3760, "B", "DIP", "COL5", "", "C", 59.84, 59.84, 40, 0],
		[38, "U9_14", 9475, -2560, "T", "DIP", "VBAT", "", "C", 59.84, 59.84, 40, 180],
		[39, "U9_14", 9475, -2560, "B", "DIP", "VBAT", "", "C", 59.84, 59.84, 40, 180],
		[40, "U9_15", 9475, -2660, "T", "DIP", "+5V", "", "C", 59.84, 59.84, 40, 180],
		[41, "U9_15", 9475, -2660, "B", "DIP", "+5V", "", "C", 59.84, 59.84, 40, 180],
		[42, "U9_16", 9475, -2760, "T", "DIP", "GND", "GND", "C", 59.84, 59.84, 40, 180],
		[43, "U9_16", 9475, -2760, "B", "DIP", "GND", "GND", "C", 59.84, 59.84, 40, 180],
		[44, "U9_17", 9475, -2860, "T", "DIP", "RESET", "", "C", 59.84, 59.84, 40, 180],
		[45, "U9_17", 9475, -2860, "B", "DIP", "RESET", "", "C", 59.84, 59.84, 40, 180],
		[46, "U9_18", 9475, -2960, "T", "DIP", "VCC", "", "C", 59.84, 59.84, 40, 180],
		[47, "U9_18", 9475, -2960, "B", "DIP", "VCC", "", "C", 59.84, 59.84, 40, 180],
		[48, "U9_19", 9475, -3060, "T", "DIP", "ROW0", "", "C", 59.84, 59.84, 40, 180],
		[49, "U9_19", 9475, -3060, "B", "DIP", "ROW0", "", "C", 59.84, 59.84, 40, 180],
		[50, "U9_20", 9475, -3160, "T", "DIP", "ROW1", "", "C", 59.84, 59.84, 40, 180],
		[51, "U9_20", 9475, -3160, "B", "DIP", "ROW1", "", "C", 59.84, 59.84, 40, 180],
		[52, "U9_21", 9475, -3260, "T", "DIP", "ROW2", "", "C", 59.84, 59.84, 40, 180],
		[53, "U9_21", 9475, -3260, "B", "DIP", "ROW2", "", "C", 59.84, 59.84, 40, 180],
		[54, "U9_22", 9475, -3360, "T", "DIP", "ROW3", "", "C", 59.84, 59.84, 40, 180],
		[55, "U9_22", 9475, -3360, "B", "DIP", "ROW3", "", "C", 59.84, 59.84, 40, 180],
		[56, "U9_23", 9475, -3460, "T", "DIP", "ROW4", "", "C", 59.84, 59.84, 40, 180],
		[57, "U9_23", 9475, -3460, "B", "DIP", "ROW4", "", "C", 59.84, 59.84, 40, 180],
		[58, "U9_24", 9475, -3560, "T", "DIP", "P111", "", "C", 59.84, 59.84, 40, 180],
		[59, "U9_24", 9475, -3560, "B", "DIP", "P111", "", "C", 59.84, 59.84, 40, 180],
		[60, "U9_25", 9475, -3660, "T", "DIP", "P010", "", "C", 59.84, 59.84, 40, 180],
		[61, "U9_25", 9475, -3660, "B", "DIP", "P010", "", "C", 59.84, 59.84, 40, 180],
		[62, "U9_26", 9475, -3760, "T", "DIP", "P009", "", "C", 59.84, 59.84, 40, 180],
		[63, "U9_26", 9475, -3760, "B", "DIP", "P009", "", "C", 59.84, 59.84, 40, 180],
		[64, "U9_27", 8975, -3560, "T", "DIP", "P101", "", "C", 59.84, 59.84, 40, 270],
		[65, "U9_27", 8975, -3560, "B", "DIP", "P101", "", "C", 59.84, 59.84, 40, 270],
		[66, "U9_28", 9075, -3560, "T", "DIP", "P102", "", "C", 59.84, 59.84, 40, 270],
		[67, "U9_28", 9075, -3560, "B", "DIP", "P102", "", "C", 59.84, 59.84, 40, 270],
		[68, "U9_29", 9175, -3560, "T", "DIP", "P107", "", "C", 59.84, 59.84, 40, 270],
		[69, "U9_29", 9175, -3560, "B", "DIP", "P107", "", "C", 59.84, 59.84, 40, 270],
		[70, "U10_1", 9251.69, -2690, "B", "SMD", "RESET", "", "R", 70.87, 53.15, 0, 90],
		[71, "U10_2", 9088.31, -2690, "B", "SMD", "GND", "GND", "R", 70.87, 53.15, 0, 90],
		[72, "U11_1", 9829.61, -2894.03, "B", "SMD", "GND", "GND", "R", 31.5, 74.8, 0, 180],
		[73, "U11_2", 9780.4, -2894.03, "B", "SMD", "$1N3397", "", "R", 31.5, 74.8, 0, 180],
		[74, "U11_3", 9668.19, -3085.97, "B", "SMD", "U11_3", "", "R", 51.18, 131.89, 0, 180],
		[75, "U11_4", 9941.81, -3085.97, "B", "SMD", "U11_4", "", "R", 51.18, 131.89, 0, 180],
		[76, "U12_1", 9185.01, -3905, "T", "DIP", "COL0", "", "R", 62.99, 62.99, 43.31, 270],
		[77, "U12_1", 9185.01, -3905, "B", "DIP", "COL0", "", "R", 62.99, 62.99, 43.31, 270],
		[78, "U12_2", 9185.01, -4005, "T", "DIP", "COL1", "", "C", 62.99, 62.99, 43.31, 270],
		[79, "U12_2", 9185.01, -4005, "B", "DIP", "COL1", "", "C", 62.99, 62.99, 43.31, 270],
		[80, "U12_3", 9185.01, -4105, "T", "DIP", "COL2", "", "C", 62.99, 62.99, 43.31, 270],
		[81, "U12_3", 9185.01, -4105, "B", "DIP", "COL2", "", "C", 62.99, 62.99, 43.31, 270],
		[82, "U12_4", 9185.01, -4205, "T", "DIP", "COL3", "", "C", 62.99, 62.99, 43.31, 270],
		[83, "U12_4", 9185.01, -4205, "B", "DIP", "COL3", "", "C", 62.99, 62.99, 43.31, 270],
		[84, "U12_5", 9185.01, -4305, "T", "DIP", "COL4", "", "C", 62.99, 62.99, 43.31, 270],
		[85, "U12_5", 9185.01, -4305, "B", "DIP", "COL4", "", "C", 62.99, 62.99, 43.31, 270],
		[86, "U12_6", 9185.01, -4405, "T", "DIP", "COL5", "", "C", 62.99, 62.99, 43.31, 270],
		[87, "U12_6", 9185.01, -4405, "B", "DIP", "COL5", "", "C", 62.99, 62.99, 43.31, 270],
		[88, "U13_1", 9455, -4405, "T", "DIP", "VCC", "", "R", 62.99, 62.99, 43.31, 90],
		[89, "U13_1", 9455, -4405, "B", "DIP", "VCC", "", "R", 62.99, 62.99, 43.31, 90],
		[90, "U13_2", 9455, -4305, "T", "DIP", "GND", "GND", "C", 62.99, 62.99, 43.31, 90],
		[91, "U13_2", 9455, -4305, "B", "DIP", "GND", "GND", "C", 62.99, 62.99, 43.31, 90],
		[92, "U13_3", 9455, -4205, "T", "DIP", "SDIO", "", "C", 62.99, 62.99, 43.31, 90],
		[93, "U13_3", 9455, -4205, "B", "DIP", "SDIO", "", "C", 62.99, 62.99, 43.31, 90],
		[94, "U13_4", 9455, -4105, "T", "DIP", "SCLK", "", "C", 62.99, 62.99, 43.31, 90],
		[95, "U13_4", 9455, -4105, "B", "DIP", "SCLK", "", "C", 62.99, 62.99, 43.31, 90],
		[96, "U13_5", 9455, -4005, "T", "DIP", "CS", "", "C", 62.99, 62.99, 43.31, 90],
		[97, "U13_5", 9455, -4005, "B", "DIP", "CS", "", "C", 62.99, 62.99, 43.31, 90],
		[98, "U13_6", 9455, -3905, "T", "DIP", "MIO", "", "C", 62.99, 62.99, 43.31, 90],
		[99, "U13_6", 9455, -3905, "B", "DIP", "MIO", "", "C", 62.99, 62.99, 43.31, 90],
		[100, "U14_1", 9828.01, -3260, "T", "DIP", "P111", "", "R", 62.99, 62.99, 43.31, 270],
		[101, "U14_1", 9828.01, -3260, "B", "DIP", "P111", "", "R", 62.99, 62.99, 43.31, 270],
		[102, "U14_2", 9828.01, -3360, "T", "DIP", "P010", "", "C", 62.99, 62.99, 43.31, 270],
		[103, "U14_2", 9828.01, -3360, "B", "DIP", "P010", "", "C", 62.99, 62.99, 43.31, 270],
		[104, "U14_3", 9828.01, -3460, "T", "DIP", "P009", "", "C", 62.99, 62.99, 43.31, 270],
		[105, "U14_3", 9828.01, -3460, "B", "DIP", "P009", "", "C", 62.99, 62.99, 43.31, 270],
		[106, "U14_4", 9828.01, -3560, "T", "DIP", "P107", "", "C", 62.99, 62.99, 43.31, 270],
		[107, "U14_4", 9828.01, -3560, "B", "DIP", "P107", "", "C", 62.99, 62.99, 43.31, 270],
		[108, "U14_5", 9828.01, -3660, "T", "DIP", "P102", "", "C", 62.99, 62.99, 43.31, 270],
		[109, "U14_5", 9828.01, -3660, "B", "DIP", "P102", "", "C", 62.99, 62.99, 43.31, 270],
		[110, "U14_6", 9828.01, -3760, "T", "DIP", "P101", "", "C", 62.99, 62.99, 43.31, 270],
		[111, "U14_6", 9828.01, -3760, "B", "DIP", "P101", "", "C", 62.99, 62.99, 43.31, 270],
		[112, "U15_1", 9698.95, -3980, "T", "DIP", "ROW0", "", "R", 62.99, 62.99, 43.31, 270],
		[113, "U15_1", 9698.95, -3980, "B", "DIP", "ROW0", "", "R", 62.99, 62.99, 43.31, 270],
		[114, "U15_2", 9698.95, -4080, "T", "DIP", "ROW1", "", "C", 62.99, 62.99, 43.31, 270],
		[115, "U15_2", 9698.95, -4080, "B", "DIP", "ROW1", "", "C", 62.99, 62.99, 43.31, 270],
		[116, "U15_3", 9698.95, -4180, "T", "DIP", "ROW2", "", "C", 62.99, 62.99, 43.31, 270],
		[117, "U15_3", 9698.95, -4180, "B", "DIP", "ROW2", "", "C", 62.99, 62.99, 43.31, 270],
		[118, "U15_4", 9698.95, -4280, "T", "DIP", "ROW3", "", "C", 62.99, 62.99, 43.31, 270],
		[119, "U15_4", 9698.95, -4280, "B", "DIP", "ROW3", "", "C", 62.99, 62.99, 43.31, 270],
		[120, "U15_5", 9698.95, -4380, "T", "DIP", "ROW4", "", "C", 62.99, 62.99, 43.31, 270],
		[121, "U15_5", 9698.95, -4380, "B", "DIP", "ROW4", "", "C", 62.99, 62.99, 43.31, 270]
	]
}
}