{
"lengthUnit": "mil",
"components": {
	"fields": ["COMPONENT_NO", "COMPONENT_NAME", "LAYER", "X_COORDINATE", "Y_COORDINATE", "ANGLE"],
	"rows": [
		[1, "J1", "T", 7722, -2714.4, 270],
		[2, "SW1", "B", 6925, -2672.05, 0],
		[3, "U1", "T", 7550, -3160, 0],
		[4, "U2", "B", 7545, -2665, 180],
		[5, "U4", "B", 6915, -3000, 180],
		[6, "U5", "T", 7030.01, -4160, 270],
		[7, "U6", "T", 7464.6, -4165.2, 90],
		[8, "U7", "T", 6926.4, -3510, 270],
		[9, "U8", "T", 7252.57, -4163.73, 270]
	]
},
"pins": {
	"fields": ["PIN_NO", "PIN_NAME", "PIN_X", "PIN_Y", "LAYER", "PIN_TYPE", "NET_NAME", "NET_TYPE", "PAD_SHAPE", "PAD_SIZEX", "PAD_SIZEY", "HOLE_SIZE", "PAD_ANGLE"],
	"rows": [
		[1, "J1_1", 7722, -2664.01, "T", "DIP", "+5V", "", "C", 59.84, 59.84, 31.89, 0],
		[2, "J1_1", 7722, -2664.01, "B", "DIP", "+5V", "", "C", 59.84, 59.84, 31.89, 0],
		[3, "J1_2", 7722, -2764.01, "T", "DIP", "GND", "GND", "C", 59.84, 59.84, 31.89, 0],
		[4, "J1_2", 7722, -2764.01, "B", "DIP", "GND", "GND", "C", 59.84, 59.84, 31.89, 0],
		[5, "SW1_1", 6836.42, -2738.98, "B", "SMD", "$1N1288", "", "R", 60, 23.62, 0, 270],
		[6, "SW1_2", 6954.53, -2738.98, "B", "SMD", "VBAT", "", "R", 60, 23.62, 0, 270],
		[7, "SW1_3", 7013.58, -2738.98, "B", "SMD", "SW1_3", "", "R", 60, 23.62, 0, 270],
		[8, "SW1_4", 7066.73, -2695.67, "B", "SMD", "GND", "GND", "R", 47.24, 27.56, 0, 180],
		[9, "SW1_4", 7066.73, -2605.12, "B", "SMD", "GND", "GND", "R", 47.24, 27.56, 0, 180],
		[10, "SW1_4", 6783.27, -2605.12, "B", "SMD", "GND", "GND", "R", 47.24, 27.56, 0, 180],
		[11, "SW1_4", 6783.27, -2695.67, "B", "SMD", "GND", "GND", "R", 47.24, 27.56, 0, 180],
		[12, "U1_1", 7250, -2560, "T", "DIP", "GND", "GND", "C", 59.84, 59.84, 40, 180],
		[13, "U1_1", 7250, -2560, "B", "DIP", "GND", "GND", "C", 59.84, 59.84, 40, 180],
		[14, "U1_2", 7250, -2660, "T", "DIP", "MIO", "", "C", 59.84, 59.84, 40, 0],
		[15, "U1_2", 7250, -2660, "B", "DIP", "MIO", "", "C", 59.84, 59.84, 40, 0],
		[16, "U1_3", 7250, -2760, "T", "DIP", "SCLK", "", "C", 59.84, 59.84, 40, 0],
		[17, "U1_3", 7250, -2760, "B", "DIP", "SCLK", "", "C", 59.84, 59.84, 40, 0],
		[18, "U1_4", 7250, -2860, "T", "DIP", "GND", "GND", "C", 59.84, 59.84, 40, 0],
		[19, "U1_4", 7250, -2860, "B", "DIP", "GND", "GND", "C", 59.84, 59.84, 40, 0],
		[20, "U1_5", 7250, -2960, "T", "DIP", "GND", "GND", "C", 59.84, 59.84, 40, 0],
		[21, "U1_5", 7250, -2960, "B", "DIP", "GND", "GND", "C", 59.84, 59.84, 40, 0],
		[22, "U1_6", 7250, -3060, "T", "DIP", "SDIO", "", "C", 59.84, 59.84, 40, 0],
		[23, "U1_6", 7250, -3060, "B", "DIP", "SDIO", "", "C", 59.84, 59.84, 40, 0],
		[24, "U1_7", 7250, -3160, "T", "DIP", "CS", "", "C", 59.84, 59.84, 40, 0],
		[25, "U1_7", 7250, -3160, "B", "DIP", "CS", "", "C", 59.84, 59.84, 40, 0],
		[26, "U1_8", 7250, -3260, "T", "DIP", "COL0", "", "C", 59.84, 59.84, 40, 0],
		[27, "U1_8", 7250, -3260, "B", "DIP", "COL0", "", "C", 59.84, 59.84, 40, 0],
		[28, "U1_9", 7250, -3360, "T", "DIP", "COL1", "", "C", 59.84, 59.84, 40, 0],
		[29, "U1_9", 7250, -3360, "B", "DIP", "COL1", "", "C", 59.84, 59.84, 40, 0],
		[30, "U1_10", 7250, -3460, "T", "DIP", "COL2", "", "C", 59.84, 59.84, 40, 0],
		[31, "U1_10", 7250, -3460, "B", "DIP", "COL2", "", "C", 59.84, 59.84, 40, 0],
		[32, "U1_11", 7250, -3560, "T", "DIP", "COL3", "", "C", 59.84, 59.84, 40, 0],
		[33, "U1_11", 7250, -3560, "B", "DIP", "COL3", "", "C", 59.84, 59.84, 40, 0],
		[34, "U1_12", 7250, -3660, "T", "DIP", "COL4", "", "C", 59.84, 59.84, 40, 0],
		[35, "U1_12", 7250, -3660, "B", "DIP", "COL4", "", "C", 59.84, 59.84, 40, 0],
		[36, "U1_13", 7250, -3760, "T", "DIP", "COL5", "", "C", 59.84, 59.84, 40, 0],
		[37, "U1_13", 7250, -3760, "B", "DIP", "COL5", "", "C", 59.84, 59.84, 40, 0],
		[38, "U1_14", 7850, -2560, "T", "DIP", "VBAT", "", "C", 59.84, 59.84, 40, 180],
		[39, "U1_14", 7850, -2560, "B", "DIP", "VBAT", "", "C", 59.84, 59.84, 40, 180],
		[40, "U1_15", 7850, -2660, "T", "DIP", "+5V", "", "C", 59.84, 59.84, 40, 180],
		[41, "U1_15", 7850, -2660, "B", "DIP", "+5V", "", "C", 59.84, 59.84, 40, 180],
		[42, "U1_16", 7850, -2760, "T", "DIP", "GND", "GND", "C", 59.84, 59.84, 40, 180],
		[43, "U1_16", 7850, -2760, "B", "DIP", "GND", "GND", "C", 59.84, 59.84, 40, 180],
		[44, "U1_17", 7850, -2860, "T", "DIP", "RESET", "", "C", 59.84, 59.84, 40, 180],
		[45, "U1_17", 7850, -2860, "B", "DIP", "RESET", "", "C", 59.84, 59.84, 40, 180],
		[46, "U1_18", 7850, -2960, "T", "DIP", "VCC", "", "C", 59.84, 59.84, 40, 180],
		[47, "U1_18", 7850, -2960, "B", "DIP", "VCC", "", "C", 59.84, 59.84, 40, 180],
		[48, "U1_19", 7850, -3060, "T", "DIP", "ROW0", "", "C", 59.84, 59.84, 40, 180],
		[49, "U1_19", 7850, -3060, "B", "DIP", "ROW0", "", "C", 59.84, 59.84, 40, 180],
		[50, "U1_20", 7850, -3160, "T", "DIP", "ROW1", "", "C", 59.84, 59.84, 40, 180],
		[51, "U1_20", 7850, -3160, "B", "DIP", "ROW1", "", "C", 59.84, 59.84, 40, 180],
		[52, "U1_21", 7850, -3260, "T", "DIP", "ROW2", "", "C", 59.84, 59.84, 40, 180],
		[53, "U1_21", 7850, -3260, "B", "DIP", "ROW2", "", "C", 59.84, 59.84, 40, 180],
		[54, "U1_22", 7850, -3360, "T", "DIP", "ROW3", "", "C", 59.84, 59.84, 40, 180],
		[55, "U1_22", 7850, -3360, "B", "DIP", "ROW3", "", "C", 59.84, 59.84, 40, 180],
		[56, "U1_23", 7850, -3460, "T", "DIP", "ROW4", "", "C", 59.84, 59.84, 40, 180],
		[57, "U1_23", 7850, -3460, "B", "DIP", "ROW4", "", "C", 59.84, 59.84, 40, 180],
		[58, "U1_24", 7850, -3560, "T", "DIP", "P111", "", "C", 59.84, 59.84, 40, 180],
		[59, "U1_24", 7850, -3560, "B", "DIP", "P111", "", "C", 59.84, 59.84, 40, 180],
		[60, "U1_25", 7850, -3660, "T", "DIP", "P010", "", "C", 59.84, 59.84, 40, 180],
		[61, "U1_25", 7850, -3660, "B", "DIP", "P010", "", "C", 59.84, 59.84, 40, 180],
		[62, "U1_26", 7850, -3760, "T", "DIP", "P009", "", "C", 59.84, 59.84, 40, 180],
		[63, "U1_26", 7850, -3760, "B", "DIP", "P009", "", "C", 59.84, 59.84, 40, 180],
		[64, "U1_27", 7350, -3560, "T", "DIP", "P101", "", "C", 59.84, 59.84, 40, 270],
		[65, "U1_27", 7350, -3560, "B", "DIP", "P101", "", "C", 59.84, 59.84, 40, 270],
		[66, "U1_28", 7450, -3560, "T", "DIP", "P102", "", "C", 59.84, 59.84, 40, 270],
		[67, "U1_28", 7450, -3560, "B", "DIP", "P102", "", "C", 59.84, 59.84, 40, 270],
		[68, "U1_29", 7550, -3560, "T", "DIP", "P107", "", "C", 59.84, 59.84, 40, 270],
		[69, "U1_29", 7550, -3560, "B", "DIP", "P107", "", "C", 59.84, 59.84, 40, 270],
		[70, "U2_1", 7626.69, -2665, "B", "SMD", "RESET", "", "R", 70.87, 53.15, 0, 90],
		[71, "U2_2", 7463.31, -2665, "B", "SMD", "GND", "GND", "R", 70.87, 53.15, 0, 90],
		[72, "U4_1", 6939.61, -2904.03, "B", "SMD", "GND", "GND", "R", 31.5, 74.8, 0, 180],
		[73, "U4_2", 6890.4, -2904.03, "B", "SMD", "$1N1288", "", "R", 31.5, 74.8, 0, 180],
		[74, "U4_3", 6778.19, -3095.97, "B", "SMD", "U4_3", "", "R", 51.18, 131.89, 0, 180],
		[75, "U4_4", 7051.81, -3095.97, "B", "SMD", "U4_4", "", "R", 51.18, 131.89, 0, 180],
		[76, "U5_1", 7030.01, -3910, "T", "DIP", "COL0", "", "R", 62.99, 62.99, 43.31, 270],
		[77, "U5_1", 7030.01, -3910, "B", "DIP", "COL0", "", "R", 62.99, 62.99, 43.31, 270],
		[78, "U5_2", 7030.01, -4010, "T", "DIP", "COL1", "", "C", 62.99, 62.99, 43.31, 270],
		[79, "U5_2", 7030.01, -4010, "B", "DIP", "COL1", "", "C", 62.99, 62.99, 43.31, 270],
		[80, "U5_3", 7030.01, -4110, "T", "DIP", "COL2", "", "C", 62.99, 62.99, 43.31, 270],
		[81, "U5_3", 7030.01, -4110, "B", "DIP", "COL2", "", "C", 62.99, 62.99, 43.31, 270],
		[82, "U5_4", 7030.01, -4210, "T", "DIP", "COL3", "", "C", 62.99, 62.99, 43.31, 270],
		[83, "U5_4", 7030.01, -4210, "B", "DIP", "COL3", "", "C", 62.99, 62.99, 43.31, 270],
		[84, "U5_5", 7030.01, -4310, "T", "DIP", "COL4", "", "C", 62.99, 62.99, 43.31, 270],
		[85, "U5_5", 7030.01, -4310, "B", "DIP", "COL4", "", "C", 62.99, 62.99, 43.31, 270],
		[86, "U5_6", 7030.01, -4410, "T", "DIP", "COL5", "", "C", 62.99, 62.99, 43.31, 270],
		[87, "U5_6", 7030.01, -4410, "B", "DIP", "COL5", "", "C", 62.99, 62.99, 43.31, 270],
		[88, "U6_1", 7464.6, -4415.2, "T", "DIP", "VCC", "", "R", 62.99, 62.99, 43.31, 90],
		[89, "U6_1", 7464.6, -4415.2, "B", "DIP", "VCC", "", "R", 62.99, 62.99, 43.31, 90],
		[90, "U6_2", 7464.6, -4315.2, "T", "DIP", "GND", "GND", "C", 62.99, 62.99, 43.31, 90],
		[91, "U6_2", 7464.6, -4315.2, "B", "DIP", "GND", "GND", "C", 62.99, 62.99, 43.31, 90],
		[92, "U6_3", 7464.6, -4215.2, "T", "DIP", "SDIO", "", "C", 62.99, 62.99, 43.31, 90],
		[93, "U6_3", 7464.6, -4215.2, "B", "DIP", "SDIO", "", "C", 62.99, 62.99, 43.31, 90],
		[94, "U6_4", 7464.6, -4115.2, "T", "DIP", "SCLK", "", "C", 62.99, 62.99, 43.31, 90],
		[95, "U6_4", 7464.6, -4115.2, "B", "DIP", "SCLK", "", "C", 62.99, 62.99, 43.31, 90],
		[96, "U6_5", 7464.6, -4015.2, "T", "DIP", "CS", "", "C", 62.99, 62.99, 43.31, 90],
		[97, "U6_5", 7464.6, -4015.2, "B", "DIP", "CS", "", "C", 62.99, 62.99, 43.31, 90],
		[98, "U6_6", 7464.6, -3915.2, "T", "DIP", "MIO", "", "C", 62.99, 62.99, 43.31, 90],
		[99, "U6_6", 7464.6, -3915.2, "B", "DIP", "MIO", "", "C", 62.99, 62.99, 43.31, 90],
		[100, "U7_1", 6926.4, -3260, "T", "DIP", "P111", "", "R", 62.99, 62.99, 43.31, 270],
		[101, "U7_1", 6926.4, -3260, "B", "DIP", "P111", "", "R", 62.99, 62.99, 43.31, 270],
		[102, "U7_2", 6926.4, -3360, "T", "DIP", "P010", "", "C", 62.99, 62.99, 43.31, 270],
		[103, "U7_2", 6926.4, -3360, "B", "DIP", "P010", "", "C", 62.99, 62.99, 43.31, 270],
		[104, "U7_3", 6926.4, -3460, "T", "DIP", "P009", "", "C", 62.99, 62.99, 43.31, 270],
		[105, "U7_3", 6926.4, -3460, "B", "DIP", "P009", "", "C", 62.99, 62.99, 43.31, 270],
		[106, "U7_4", 6926.4, -3560, "T", "DIP", "P107", "", "C", 62.99, 62.99, 43.31, 270],
		[107, "U7_4", 6926.4, -3560, "B", "DIP", "P107", "", "C", 62.99, 62.99, 43.31, 270],
		[108, "U7_5", 6926.4, -3660, "T", "DIP", "P102", "", "C", 62.99, 62.99, 43.31, 270],
		[109, "U7_5", 6926.4, -3660, "B", "DIP", "P102", "", "C", 62.99, 62.99, 43.31, 270],
		[110, "U7_6", 6926.4, -3760, "T", "DIP", "P101", "", "C", 62.99, 62.99, 43.31, 270],
		[111, "U7_6", 6926.4, -3760, "B", "DIP", "P101", "", "C", 62.99, 62.99, 43.31, 270],
		[112, "U8_1", 7252.57, -3963.73, "T", "DIP", "ROW0", "", "R", 62.99, 62.99, 43.31, 270],
		[113, "U8_1", 7252.57, -3963.73, "B", "DIP", "ROW0", "", "R", 62.99, 62.99, 43.31, 270],
		[114, "U8_2", 7252.57, -4063.73, "T", "DIP", "ROW1", "", "C", 62.99, 62.99, 43.31, 270],
		[115, "U8_2", 7252.57, -4063.73, "B", "DIP", "ROW1", "", "C", 62.99, 62.99, 43.31, 270],
		[116, "U8_3", 7252.57, -4163.73, "T", "DIP", "ROW2", "", "C", 62.99, 62.99, 43.31, 270],
		[117, "U8_3", 7252.57, -4163.73, "B", "DIP", "ROW2", "", "C", 62.99, 62.99, 43.31, 270],
		[118, "U8_4", 7252.57, -4263.73, "T", "DIP", "ROW3", "", "C", 62.99, 62.99, 43.31, 270],
		[119, "U8_4", 7252.57, -4263.73, "B", "DIP", "ROW3", "", "C", 62.99, 62.99, 43.31, 270],
		[120, "U8_5", 7252.57, -4363.73, "T", "DIP", "ROW4", "", "C", 62.99, 62.99, 43.31, 270],
		[121, "U8_5", 7252.57, -4363.73, "B", "DIP", "ROW4", "", "C", 62.99, 62.99, 43.31, 270]
	]
}
}